"","Actinomyces-naeslundii","Actinomyces-oris","Actinomyces-sp.-oral-taxon-171","Actinomyces-sp.-oral-taxon-414","Actinomyces-sp.-oral-taxon-897","Aerococcus-urinaeequi","Aerococcus-viridans","Bacillus-cereus","Brevibacterium-linens","Brevundimonas-diminuta","Brevundimonas-vesicularis","Cardiobacterium-hominis","Chryseobacterium-gleum","Chryseobacterium-indologenes","Chryseobacterium-taklimakanense","Corynebacterium-doosanense","Corynebacterium-jeikeium","Corynebacterium-sanguinis","Corynebacterium-simulans","Corynebacterium-singulare","Corynebacterium-stationis","Corynebacterium-striatum","Corynebacterium-ureicelerivorans","Corynebacterium-variabile","Corynebacterium-xerosis","Cutibacterium-acnes","Cutibacterium-avidum","Dermacoccus-nishinomiyaensis","Dolosigranulum-pigrum","Epidermidibacterium-keratini","Fusobacterium-nucleatum","Gardnerella-vaginalis","Gemella-haemolysans","Gordonia-bronchialis","Gordonia-terrae","Haematobacter-massiliensis","Haemophilus-parainfluenzae","Klebsiella-aerogenes","Lactobacillus-delbrueckii","Lactobacillus-iners","Lactobacillus-reuteri","Lactococcus-lactis","Lautropia-mirabilis","Lawsonella-clevelandensis","Leptotrichia-sp.-oral-taxon-212","Leptotrichia-wadei","Lysobacter-oculi","Malassezia-furfur","Malassezia-restricta","Massilia-oculi","Moraxella-osloensis","Neisseria-elongata","Neisseria-mucosa","Neisseria-subflava","Pantoea-dispersa","Porphyromonas-gingivalis","Prevotella-denticola","Prevotella-intermedia","Prevotella-melaninogenica","Pseudomonas-aeruginosa","Pseudomonas-mendocina","Pseudomonas-monteilii","Pseudopropionibacterium-propionicum","Rothia-aeria","Rothia-dentocariosa","Rothia-mucilaginosa","Schaalia-odontolytica","Staphylococcus-aureus","Staphylococcus-haemolyticus","Staphylococcus-pettenkoferi","Staphylococcus-saprophyticus","Staphylococcus-sciuri","Staphylococcus-warneri","Streptococcus-cristatus","Streptococcus-mitis","Streptococcus-pneumoniae","Streptococcus-sanguinis","Streptococcus-thermophilus","Tannerella-sp.-oral-taxon-HOT-286","Tsukamurella-tyrosinosolvens","Veillonella-parvula","Weissella-confusa"
"sample_1",0,0,0.105811562516169,0,0,0.317434687548508,0,0,0.105811562516169,0.529057812580847,0.211623125032339,0,0,0.317434687548508,0,0,0,0,0,0.211623125032339,0,0,0.317434687548508,0,0,27.8284409417525,0,0,0,0,0,1.58717343774254,0,0.211623125032339,0,0,0,0.846492500129355,0.211623125032339,0,0,0.105811562516169,0,0.105811562516169,0,0,0.105811562516169,0,1.26973875019403,0.529057812580847,6.34869375097016,0.105811562516169,0.105811562516169,0,0,0,0,0.211623125032339,0,1.05811562516169,0,0.105811562516169,0,0,0,0,0,0.105811562516169,0.105811562516169,0,0.211623125032339,0,0.211623125032339,0,0,0,0,0.634869375097016,0,0,0,0
"sample_2",0,0,0,0,0,0,0,0,0,0,0,0,0,0,0,0,0,0,0,0,0,0,0,0,0,0.101007996676837,0,0,0,0,0,0,0,0,0,0,0,0,0,0,0,0,0,0,0,0,0,0.0252519991692092,0.0757559975076277,0.404031986707348,1.94440393602911,0,0,0,0,0,0,0,0,0,0,0,0,0,0,0.505039983384185,0,0,0,0,0,0,0,0,0,0,0,0,0,0,0,0
"sample_3",0,0,0,0,0,0,0,0.113842386013461,0,0.0569211930067305,0.0569211930067305,0,0,0,0,0,0,0,0,0,0,0,0,0,0,0.569211930067305,0,0,0,0,0.0569211930067305,0,0,0,0,0,0,0,0,0,0,0,0,0,0,0,0,0.227684772026922,1.99224175523557,0,0.113842386013461,0,0,0,0,0,0,0,0,0.341527158040383,0,0.0569211930067305,0,0,0,0,0,0,0,0,0,0,0,0,0,0,0,0,0,0,0,0
"sample_4",0,0,0,0,0,0,0,0,0,3.65414186703354,6.3947482673087,0,0,0,0,0,0,0,0,0,0,0,1.14191933344798,0,0,19.6410125353053,0,0,0,0,0,0,0,0,1.59868706682717,0.685151600068789,0,2.05545480020637,0,0,0,0,0,0.989663422321584,0,0,0,0,0,0,13.7030320013758,0,0,0,0,0,0,0,0,5.70959666723991,2.96899026696475,0,0,0,0,0,0,1.97932684464317,0,0,0,0,0,0,0,0,0,0,0,0,0,0
"sample_5",0,0,0,0,0,0,0,0,0,0,0,0,0,0,0,0,0,0,0,0,0,0,0,0,0,0.361212431198062,0,0,0,0,0,0,0,0,0,0,0,0,0,0,0,0,0,0,0,0,0,0,0.216727458718837,0,1.01139480735457,0,0,0,0,0,0,0,0,0.0722424862396124,0,0.216727458718837,0,0,0,0,0,0,0,0,0,0,0.144484972479225,0,0,0,0,0,0,0,0,0
"sample_6",0,0,0,3.66466881138633,0,0,0,0.0832879275315074,0,0,2.83178953607125,0,0,0,0,0,0,0,0,0,0,0,0,0,0,3.91453259398085,0,0,0,0,0,0,0.166575855063015,0,0,0,0,0,0,0,0,0,0.0832879275315074,7.57920140536717,0,0,0,0,7.8290651879617,0,0.416439637657537,0,0,0,0,0,0,0,0,2.33206197088221,0,0,0,0,0,2.99836539113427,0,0,0,0,0,0,0,0,0,0,0,0,0,0,0,0
"sample_7",0,0,0,0,0.0998236066957882,0,0,0,0,0,0.249559016739471,0,0,0,0,0,0,0,0,0,0,0,0,0,0,0.598941640174729,0.199647213391576,0,0,0,0,0,0,0,0,0,0,0,0,0,0,0,0,0,0,0,0.199647213391576,0,0.349382623435259,0,0.499118033478941,0,0,0,0,0,0,0.0998236066957882,0,0.0499118033478941,0.149735410043682,0.149735410043682,0,0,0,0,0,0.0499118033478941,0.0998236066957882,0.199647213391576,0,0,0,0,0,0,0,0,0,0,0,0
"sample_8",0,0,0,0,0,0.0220226956211085,0,0,0,0.0660680868633255,0,0,0,0.0220226956211085,0,0,0,0,0.044045391242217,0,0,0,0,0,0,0.726748955496581,0,0,0,0,0,0.0220226956211085,0,0,0.0220226956211085,0,0,0,0,0,0.044045391242217,0,0,0,0,0,0,0,0.044045391242217,0,0.330340434316628,0,0.0220226956211085,0,0,0,0.0220226956211085,0,0,0.088090782484434,0,0,0.0220226956211085,0.0220226956211085,0,0,0,0,0.088090782484434,0,0,0,0,0.0220226956211085,0,0,0,0.044045391242217,0,0,0,0
"sample_9",0,0,0,14.8019055691289,0,0,0,3.43615664997634,0,4.14100929612534,14.1851595037485,0,0,0,0,0,0,0,1203.71210646094,0,0,11.1014291768466,0,0,0,11.5419620806898,0,0,0,17.1807832498817,0,0,0,0,0,0,0,7.04852646148994,0.0881065807686242,0,0,0,0.0881065807686242,0,0,0,0,0,11.3657489191525,4.05290271535671,6.43178039610957,0,0,0,0.352426323074497,0,0,0,0,6.60799355764681,0,0,0,0,0,0,0,0,0,0,0,0,0,0,0,0,0,0,0,0,0,0
"sample_10",0,0,0,0,0,0,0,0,0,0,0,0,0,0,0,0,0,0,0,0,0,0,0,0,0,2.42351125161564,0,0,0,0,0,0,0,0,0,0,0,0.61954422973633,0,0,0,0,0,0,0,0,0,0,0,0,0.0546656673296762,0,0,0,0.364437782197841,0,0,0,0,0.455547227747301,0,0,0,0,0.0182218891098921,0,0,0,0,0,0,0,0,0,0,0,0,0,0,0,0,0
"sample_11",0,0,0,0,0,0,0,0,0,0,0,0,0.0919975515771623,0,0,0,0,0,0,0,0,0,0,0,0,1.05797184313737,0,0,0.0459987757885812,0,0,0,0,0,0,0,0,0.0919975515771623,0,0.0459987757885812,0,0,0,0,0,0,0,0,0.321991430520068,0,0.321991430520068,0,0,0,0,0,0,0,0.137996327365743,0.0919975515771623,0,0,0,0,0,0.321991430520068,0,0,0,0,0,0,0,0,0,0,0,0,0,0,0,0
"sample_12",0,0,0,0,0,0,0,0,0,0.21855508165043,0.087422032660172,0,0,0,0.043711016330086,0,0.043711016330086,0,0,0,0,0,0,0,0,3.89028045337766,0,0,0,0,0,0.174844065320344,0,0,0,0,0,0.480821179630946,0,1.31133048990258,0,0.087422032660172,0,0.480821179630946,0,0,0,0,2.22926183283439,0,1.61730760421318,0,0,0,0,0,0,0,0,0.131133048990258,0,0,0,0,0,0,0,0,0,0,0,0.305977114310602,0,0,0,0,0,0,0,1.09277540825215,0,0
"sample_13",0,0,0,0,0,0,0,0,0,0,0,0,0,0,0,0,0,0,0,0,0,0,0,0,0,0.193943561492677,0,0,0,0,0,0,0.0387887122985353,0,0,0,0.0387887122985353,0,0,1.62912591653848,0,0,0,0,0,0,0,0,0.0775774245970706,0,0.387887122985353,0,0,0,0,0,0,0,0,0,0,0.0387887122985353,0,0,0,0,0,0.0387887122985353,0,0,0,0,0,0,0,0,0,0,0,0,0,0
"sample_14",0,0.0648306875281446,0,0,0,0,0,0,0,0.0648306875281446,0,0,0,0.129661375056289,0,0,0,0,0,0,0,0,0.194492062584434,0,0,2.26907406348506,0,0,0,0.0648306875281446,0,0.583476187753302,0.194492062584434,0,0,0,0.0648306875281446,0.583476187753302,0,0.129661375056289,0,0,0,0.194492062584434,0,0.0648306875281446,0,0.713137562809591,10.761894129672,0.0648306875281446,0.713137562809591,0,0,0,0,0,0,0,0,0,0.388984125168868,0.324153437640723,0,0,0.0648306875281446,0.259322750112578,0,0,0,0,0,0,0,0,0,0,0,0,0,0,0.324153437640723,0
"sample_15",0,0,0.490542713818135,0,0.56601082363631,0,0,0,0,0,0,0,0,0,0.226404329454524,0,0,0,0,0,0,0,0.56601082363631,0,0,1.32069192181806,0,0,0,0,0,0,0,0,0,0,0,0,0,0,0.0377340549090873,0,0,0,0,0,0,0.226404329454524,4.86769308327227,0,2.26404329454524,0,0,0,0,0,0,0,0,0,0.603744878545397,0,0,0,0,0,0,0,0,0,0,0,0,0,0,0,0,0,0,0,0,0
"sample_16",0,0,0,0,0,0,0,0,0.305314984309863,0,0.122125993723945,0,0,0,0,0,0,0,0,0,0,0,0,0,0,4.21334678347611,0,0,0,0.0610629968619726,0.0610629968619726,0.24425198744789,0,0.427440978033808,0,0,0,0,0.183188990585918,0.854881956067616,0,0,0,0.183188990585918,0,0,0,0.122125993723945,2.50358287134088,0.122125993723945,2.86996085251271,0,0.0610629968619726,0,0,0,0,0,0,0,0,0,0,0,0,0.183188990585918,0,0.0610629968619726,0,0,0,0,0,0,0,0,0,0,0,0,0,0
"sample_17",0,0,0,0,0,0,0,0,0,0,0,0,0,0,0,0,0,0,0,0,0,0,6.6195471617023,0,0,23.5240105746445,0,0,0,0,0,0,0,0,0,0,0,0,0,8.8078272151576,0,0,0,0.0547070013363826,0,0,0,0.0547070013363826,0,0,0,0,0,0,0,3.61066208820125,0,0,0,4.48597410958337,0,0,0,0,0,3.99361109755593,0,0,0,0,0,0,0,0,0,0,0,0,0,0,0,0
"sample_18",0,0,0,0,0,0,0,0,0,0,0,0,0,0,0,0,0,0,0,0,0.0369322574868241,0,0,0,0,1.14489998209155,0,0.0738645149736483,0,0,0,0.0738645149736483,0,0,0,0,0,0,0,0.0369322574868241,0,0,0.0369322574868241,0.0369322574868241,0,0,0,0,0.110796772460472,0,0.44318708984189,0,0,0,0,0,0,0,0,0.0369322574868241,0,0,0,0,0,0,0.0738645149736483,0.0369322574868241,0,0,0,0,0,0.0738645149736483,0,0,0,0,0,0,0,0
"sample_19",0,0,0,0,0,0,0,0,0,0,0,0,0,0,0.0203809688138364,0,0,0,0,0,0,0,0,0.0203809688138364,0,0.611429064415091,0.0203809688138364,0,0,0,0,0.0203809688138364,0,0,0,0,0,0,0.142666781696855,0.0407619376276728,0,0,0,0.0407619376276728,0,0,0,0,0.203809688138364,0,0.896762627808801,0,0,0,0,0,0,0,0,0.0203809688138364,0,0,0,0,0,0,0,0,0,0,0,0,0,0,0,0,0,0.0203809688138364,0,0,0,0.0407619376276728
"sample_20",0,0,0,0,0,0,0,0,0,0,0,0,0,0,0.0190899675042937,0,0,0,0,0,0,0,0.0572699025128811,0,0,0.66814886265028,0,0.0572699025128811,0,0,0,0.0190899675042937,0,0,0,0,0,0,0,0.0381799350085874,0,0.0190899675042937,0.0190899675042937,0.0572699025128811,0,0,0,0,0.534519090120224,0,3.20711454072134,0,0,0,0,0,0,0,0,0,0,0,0,0,0,0,0,0,0,0,0,0,0,0,0.0190899675042937,0,0,0,0,0,0,0
"sample_21",0.0486323063535725,0.0729484595303588,0,0.0729484595303588,0,0,0.0243161531767863,0,0.0972646127071451,0.145896919060718,0.121580765883931,0,0.0486323063535725,0,0,0,0.0486323063535725,1.45896919060718,0,0.0729484595303588,0,0.0243161531767863,0.656536135773229,0.0486323063535725,0,7.80548516974839,0,0.0972646127071451,0,0.0729484595303588,0,0.170213072237504,0.0486323063535725,0,0.0729484595303588,0,0.0486323063535725,0.291793838121435,0,0.340426144475008,0,0,0.145896919060718,0.121580765883931,0,0,0,0.121580765883931,22.5167578417041,0.0486323063535725,5.47113446477691,0.0243161531767863,0,0,0,0.0729484595303588,0,0,0,0.413374604005366,0.0729484595303588,0.170213072237504,0,0.0243161531767863,0,0,0,0.0243161531767863,0,0,0.0486323063535725,0.0972646127071451,0.0972646127071451,0.0729484595303588,0,0,0,0,0,0,0.0243161531767863,0
"sample_22",0,0,0,0,0.0483794212229539,0,0,0,0,0.0241897106114769,0,0,0,0,0,0,0,0,0,0.0725691318344308,0,0,0,0,0,0.774070739567262,0,0,0,0,0,0,0,0,0,0,0,0.0241897106114769,0,0.0241897106114769,0,0,0,0.145138263668862,0,0,0,0,0.217707395503292,0,0.338655948560677,0,0,0,0,0,0,0,0,0.0483794212229539,0,0,0,0,0,0.193517684891816,0.0241897106114769,0,0,0,0,0,0.0967588424459078,0,0,0,0,0,0,0,0,0
"sample_23",0,0,0,0,0,0,2.53999056393506,2.53999056393506,1.3334950460659,5.39747994836199,0.952496461475646,0,0,0,0,0,0,0,89.4076678505139,0,1.46049457426266,0,0,0,0,62.1662690523105,0.825496933278893,0,0,0,0,0,0.888996697377269,0,0.952496461475646,0.253999056393506,1.20649551786915,0,0,0,0,0.380998584590258,0.507998112787011,1.20649551786915,1.52399433836103,0,0,0,8.82646720967432,2.73048985623018,51.4348089196849,0,0.380998584590258,0,0,0,0,0,0,3.80998584590258,0.0634997640983764,0,0,3.55598678950908,0,0,0.444498348688635,3.30198773311557,0,0,0,2.47649079983668,1.71449363065616,0,3.55598678950908,0,1.46049457426266,9.46146485065808,0,0.0634997640983764,0,0
"sample_24",0,0,0,0,0,0,0,0,0,0.0341565243564112,0.0170782621782056,0,0,0,0,0,0,0,0,0,0,0,0.27325219485129,0.0683130487128225,0,2.71544368633469,0,0,0.0170782621782056,0,0,0,0,0,0.0170782621782056,0,0,0.0853913108910281,0.0683130487128225,0.0341565243564112,0,0.0512347865346169,0,0,0,0,0,0,0.27325219485129,0,0.956382681979515,0,0,0,0.0341565243564112,0,0,0,0,0.0853913108910281,0,0,0,0,0,0,0,0,0.0341565243564112,0,0,0.0170782621782056,0,0,0,0,0,0,0.0341565243564112,0,0,0
"sample_25",0,0,0,0,0,0,0,0,0,0.164062482376101,0.0820312411880503,0.0410156205940251,0,0,0.0410156205940251,0,0.0820312411880503,0.0410156205940251,0,0.0820312411880503,0,0,0.0820312411880503,0,0,1.72265606494906,0,0,0.0410156205940251,0,0,0,0,0,0.0410156205940251,0.0410156205940251,0.0410156205940251,0,0,0.0410156205940251,0,0,0.123046861782075,0,0,0,0,0.0820312411880503,8.6542959453393,0,2.87109344158176,0,0,0,0,0,0,0,0,0.0820312411880503,0.0410156205940251,0,0,0,0,0.164062482376101,0,0.0410156205940251,0,0,0,0,0.0410156205940251,0,0,0,0,0,0,0,0,0
"sample_26",0,0,0,0,0,0,0,0,0,2.30035298605713,1.49212085582084,0,1.98949447442778,0,0,0,0,0,0.248686809303473,0,0,0,0,0,0,4.53853426978838,0,0.994747237213892,0,0,0,1.1812623441915,0,0,0,0,0.497373618606946,0.683888725584551,0,0,0,0,0,0,0,0,0,0,4.04116065118144,0,4.41419086513665,0,0,0,0,0,0,0,0,0,0.994747237213892,0,0,0,0,0,0,0,0,0,0,0,0,0,0,0,0,0,8.33100811166635,0,0,0
"sample_27",0,0,0,0,0,0,0,0,0,0.219899231177313,0.219899231177313,0,0,0,0,0,0,0,0,0,0,0,0,0,0,0.0549748077943282,0,0,0,0,0,0,0,0,0,0,0,0,0,0,0,0,0,0,0,0,0,1.15447096368089,1.04452134809224,0,7.14672501326267,0,0,0,0,0,0,0,0,0.0549748077943282,0,0,0,0,0,0,0,0,0,0,0,0,0,0,0,0,0,0,0,0,0,0
"sample_28",0,0,0,0,0,0,0,0,0,0,0,0,0,0,0,0,0,0,0,0,0,0,0,0,0,0.139397146373137,0,0,0,0,0.139397146373137,0,0.139397146373137,0,0,0,0,0,0,0,0,0,0,0,0,0,0,0.139397146373137,0.139397146373137,0,0.696985731865686,0,0,0,0,0,0,0,0,0.139397146373137,0,0,0,0,0,0,0,0,0,0,0,0,0,0,0,0,0,0,0,0,0,0
"sample_29",0,0,0,0,0,0,0,0,0,0,0,0,0,0,0,0,0,0,0,0,0,0,0,0,0,0.685337321241679,0,0,0.0297972748365947,0,0,0.0297972748365947,0.119189099346379,0.0297972748365947,0,0,0,0,0,0,0,0,0,0,0,0,0,0,1.102499168954,0,0.238378198692758,0,0,0,0,0,0,0,0.0297972748365947,0,0,0,0,0,0,0,0.0297972748365947,0,0.0297972748365947,0,0,0,0,0,0,0,0,0,0,0,0,0
"sample_30",0,0,0,0,0,0,0,0,0,0,0,0,0,0,0,0,0,0,0,0,0,0,0,0,0,0.547666431873278,0,0,0.97362921221916,0,0,0.0202839419212325,0,0,0,0,0.0202839419212325,0,0,0.040567883842465,0,0,0.0202839419212325,0.040567883842465,0,0,0.0608518257636975,0,0.48681460610958,0,2.29208543709927,0,0,0,0,0,0,0,0,0,0.0202839419212325,0,0,0,0.040567883842465,0.0202839419212325,0,0,0,0,0,0,0,0,0,0,0,0,0,0,0,1.60243141177737
"sample_31",0,0,0,0,0,0,0,0,0,0,0,0,0,0,0,0,0,0,0,0.0291382236324863,0,0,0.0291382236324863,0,0,2.38933433786388,0,0,0,0,0,0.203967565427404,0,0,0,0,0,0.0291382236324863,0,1.4860494052568,0,0,0,0.0291382236324863,0.0291382236324863,0,0,0,0.786732038077131,0,1.16552894529945,0,0,0,0,0,0,0,0,0,0,0,0,0,0.0291382236324863,0,0,0,0,0,0.0291382236324863,0,0,0,0,0,0,0,0,0,0,0.0582764472649727
"sample_32",0,0,0,0,0,0,0,0,0,0.069651219082651,0,0,0,0,0,0,0,0,0,0,0,0,0,0,0,1.74128047706627,0,0,0,0,0,0,0,0,0,0,0,0.139302438165302,0,0,0,0,0.0348256095413255,0.139302438165302,0,0,0,0,1.18407072440507,0,0.870640238533137,0,0,0,0,0,0,0,0,0.104476828623976,0,0,0,0,0,0,0,0,0,0,0,0,0,0,0,0,0,0.0348256095413255,0,0,0,0
"sample_33",0,0.023700274572421,0,0,0,0.023700274572421,0,0,0.023700274572421,0,0,0,0.023700274572421,0,0,0,0.047400549144842,0,0.023700274572421,0.402904667731157,0,0,0.165901922006947,0.023700274572421,0,46.2866362399382,0.165901922006947,0.023700274572421,0.023700274572421,0.118501372862105,0,0,0,0.379204393158736,0,0,0,0.118501372862105,0,0.047400549144842,0,0,0.047400549144842,0.97171125746926,0,0,0,0.023700274572421,26.3310050499597,0,4.12384777560125,0,0,0.047400549144842,0,0,0,0,0,0.023700274572421,0,0,0,0,0.023700274572421,0.0711008237172629,0.0711008237172629,0,0,0,0,0,0,0.047400549144842,0,0,0.047400549144842,0,0,13.5565570554248,0,0
"sample_34",0,0.0170317539509709,0,0,0,0,0,0,0,0.0340635079019419,0,0,0,0,0,0,0,0,0,0,0,0,0.0170317539509709,0,0,0.834555943597575,0,0,0.0340635079019419,0,0.0170317539509709,0.0510952618529128,0.0851587697548546,0,0,0,0,0,0,0.0170317539509709,0,0,0,0.136254031607767,0,0,0,0.0340635079019419,0.800492435695634,0,0.153285785558738,0,0,0,0,0,0,0,0,0.0170317539509709,0,0,0,0,0,0,0,0,0.0510952618529128,0,0,0,0,0,0,0,0,0,0,0,0,0
"sample_35",0,0.148598684683696,0.445796054051087,0,0,0,0,0,0.0495328948945653,2.03084869067718,1.48598684683696,0,0,0,0,0,0.346730264261957,0,0.0495328948945653,0,0,0.0495328948945653,0,0,0,41.1618356573837,0.445796054051087,0.643927633629348,0,0.198131579578261,0,0,0,0,0,0.297197369367392,0.94112500299674,0.84205921320761,0,0,0.643927633629348,0.84205921320761,0.247664474472826,0.495328948945653,0,0,0,0.594394738734783,6.09254607203153,0.247664474472826,7.33086844439566,0,0.247664474472826,0,0,0,0.297197369367392,0,0,5.59721712308588,0.544861843840218,0.396263159156522,0.198131579578261,0.891592108102175,0.396263159156522,0,0.94112500299674,0.396263159156522,3.86356580177609,0,0.990657897891305,0,2.92244079877935,0,0,0,1.33738816215326,0,0,0.247664474472826,0,0
"sample_36",0,0,0,0,0,0,4.81145549273218,0,0,0.237184425698065,0,0,0,0,0,0,0,0,0,0,0,0,20.194559673721,0,0,18.0598998424384,0,0,0,0,0,3.32058195977291,0,0,0,0,0,0.271067915083503,0,5.15029038658656,0,0,0,0.0677669787708757,0,0,0,0,20.9399964402006,0,5.08252340781568,0,0,0,0,0,0,0,0,15.9591235005412,0.0338834893854379,5.4552417910555,0,0,0,0,0,0,1.86359191619908,5.76019319552444,0,0,0,0,0,0,0,0,0,0,0,0
"sample_37",0,0,0,0,0,0,0,0,0,0.0573206321703364,0.0143301580425841,0,0,0,0,0,0,0,0,0,0,0,0.0716507902129205,0.0143301580425841,0.0429904741277523,1.71961896511009,0.0286603160851682,0,0,0,0,0.0859809482555046,0,0,0,0,0.0143301580425841,0.114641264340673,0,0.300933318894266,0,0.0143301580425841,0.0286603160851682,0.0429904741277523,0,0,0,0,0.401244425192355,0.0716507902129205,1.37569517208807,0,0,0.0286603160851682,0,0,0,0,0,0.0286603160851682,0.0286603160851682,0.0286603160851682,0,0,0,0.214952370638761,0,0.0286603160851682,0,0,0,0.128971422383257,0,0,0,0,0,0,0,0,0.0286603160851682,0.0286603160851682
"sample_38",0,0,0,0,0,0,0,0,0,0,0,0,0,0,0,0,0,0,0,0,0,0,0.185283087853829,0,0,0.988176468553754,0,0,0.0308805146423048,0,0,0,0.0308805146423048,0,0,0,0.0617610292846096,0,0,0.0308805146423048,0,0.0308805146423048,0,0.0926415439269145,0,0,0,0,0.83377389534223,0,1.54402573211524,0,0,0,0,0,0,0,0,0.0308805146423048,0,0,0,0,0,0.0308805146423048,0.0926415439269145,0.0308805146423048,0,0,0,0,0,0,0,0,0,0,0,0,0,0
"sample_39",0,0.0667366764062914,0.0222455588020971,0.0889822352083885,0,0,0,0,0,0.0444911176041943,0.0222455588020971,0.0444911176041943,0,0,0,0,0,0,0,0,0.0222455588020971,0,0.0667366764062914,0,0.400420058437748,1.29024241052163,0,0,0,0,0,0.46715673484404,0,0.0222455588020971,0.0222455588020971,0,0,0,0,0,0,0.0444911176041943,0.0667366764062914,0,0,0,0,0,1.20126017531324,0,1.31248796932373,0,0.0444911176041943,0,0,0,0,0,0,0.0667366764062914,0.0222455588020971,0,0,0,0.111227794010486,0,0,0,0.0444911176041943,0,0.0222455588020971,0,0,0,0.0222455588020971,0,0,0.200210029218874,0,0,0.0222455588020971,0
"sample_40",0,0,0,0.0545780952233851,0,0,0,0,0,0.0272890476116926,0,0,0,0,0,0,0,0,0,0,0,0,0,0,0,0.764093333127392,0,0,0,0,0,0.0272890476116926,0,0,0,0,0,0,0,0,0,0,0.0272890476116926,0,0,0.0818671428350777,0,0,1.1188509520794,0,0.191023333281848,0,0,0,0.0272890476116926,0.0272890476116926,0,0,0,0,0,0.0272890476116926,0,0,0.0272890476116926,0,0,0,0,0,0,0,0,0,0,0,0,0,0,0,0,0
"sample_41",0,0,0,0,0,0,0,0,0,0,0,0,0,0,0,0,0,0,0,0,0,0,0,0,0,0.330485867102379,0,0,0,0,0,0,0,0,0,0,0,0,0,0,0,0,0,0,0,0,0,0,0,0,0.0826214667755948,0,0,0,0,0,0,0,0,0,0,0,0,0,0,0,0,0,0,0,0,0,0,0,0,0,0,0,0,0,0,0
"sample_42",0,0,0,0,0,0,0,0,0,0.0514329767365046,0,0.0257164883682523,0,0,0,0,0,0,0,0,0,0,0,0,0,0.540046255733298,0,0,0,0,0,0,0.0257164883682523,0,0,0,0,0,0.102865953473009,0,0,0,0,0.0257164883682523,0,0,0,0.0257164883682523,1.00294304636184,0,0.720061674311064,0,0,0.0514329767365046,0,0,0,0,0,0.0257164883682523,0,0,0,0,0,0,0,0,0,0,0,0.0257164883682523,0,0,0,0,0,0,0,0,0,0
"sample_43",0,0,0,0,0,0,0,0,0,0,0,0,0,0,0,0,0,0,0,0,0,0,0,0,0,1.41484713153566,0,0.0217668789467025,0,0,0,0,0,0,0,0,0,0,0,0,0,0,0,0.0435337578934049,0,0,0,0,0.935975794708206,0,0.914208915761504,0,0,0,0,0,0,0,0,0.0217668789467025,0,0,0,0,0,0,0,0,0,0,0,0,0,0.0217668789467025,0,0,0,0,0,0,0,0
"sample_44",0,0.0753019589729325,0.0251006529909775,0.050201305981955,0,0,0.10040261196391,0.0753019589729325,0.125503264954887,0.175704570936842,0.20080522392782,0,0,0,0.050201305981955,0,0,0,0.050201305981955,0,0.050201305981955,0,0.0251006529909775,0,0.0251006529909775,3.06227966489925,0.0251006529909775,0,0,0,0,0,0,0,0.10040261196391,0,0,0.050201305981955,0,0,0,0.175704570936842,0,0,0,0,0.050201305981955,0,0.175704570936842,0,1.28013330253985,0,0,0,0,0,0,0.0753019589729325,0.050201305981955,0.627516324774437,0.0753019589729325,0.050201305981955,0,0,0,0.050201305981955,0,0,0,0,0,0,0.0251006529909775,0,0,0,0,0,0,0,0,0
"sample_45",0.0555212958315111,0,0,0,0,0,0,0,0,0.0277606479157555,0,0.0277606479157555,0,0,0,0,0,0,0,0,0,0,0.0555212958315111,0.0277606479157555,0,1.55459628328231,0,0,0,0,0.0277606479157555,0,0,0,0,0,0,0,0,0.416409718736333,0,0,0.0277606479157555,0.0555212958315111,0,0,0,0,1.38803239578778,0,1.41579304370353,0,0,0,0,0,0,0,0,0.0555212958315111,0,0,0,0,0,0,0.0277606479157555,0,0,0,0,0,0,0,0,0,0,0,0.0555212958315111,0,0,0
"sample_46",0,0,0,0,0,0,0,0.0576100018337264,0.0288050009168632,0.288050009168632,0.0288050009168632,0,0.0576100018337264,0,0,0,0,0,0,0,0,0,0.0864150027505895,0.0288050009168632,0,2.62125508343455,0,0.316855010085495,0,0,0.0576100018337264,0,0,0,0.0864150027505895,0,0,0,0,0.144025004584316,0,0.0288050009168632,0.115220003667453,0.0288050009168632,0,0.0576100018337264,0.0288050009168632,0,0.345660011002358,0,4.95446015770047,0,0.0288050009168632,0,0,0.0576100018337264,0,0.0288050009168632,0.0576100018337264,0.403270012836084,0,0,0,0,0,0,0,0.0288050009168632,0,0,0,0.0576100018337264,0,0,0,0,0.0576100018337264,0.0288050009168632,0,0,0.0576100018337264,0
"sample_47",0,0,0,0,0,0,0,0,0,0,0,0,0,0,0,0,0,0,0,0,0,0,0,0,0,0.15130842446976,0,0,0,0,0,0.20174456595968,0,0,0,0,0,0,0.10087228297984,0,0,0,0,0,0,0,0,0,0.0504361414899199,0,0.0504361414899199,0,0,0,0,0,0,0,0,0,0,0,0,0,0,0,0,0,0,0,0,0,0,0,0,0,0,0.15130842446976,0,0,0,0
"sample_48",0,0,0,0,0,0,0,0,0,0,0,0,0,0,0,0,0,0,0,0,0,0,0,0,0,2.68327013141414,0,0,0,0,0,0.0654456129613204,0.0654456129613204,0,0,0,0,0.0654456129613204,0,0.916238581458486,0,0,0,0.0654456129613204,0,0,0,0.327228064806602,0.392673677767922,0,0.130891225922641,0,0,0,0,0,0,0,0,0,0,0,0,0,0.0654456129613204,0.392673677767922,0,0,0,0,0,0,0,0,0,0,0,0,0,0,0,0
"sample_49",0,0,0,0,0.118137935845548,0,0.118137935845548,0,0,0.177206903768323,0.177206903768323,0.0590689679227742,0,0,0.236275871691097,0,0,0,0,0,0.177206903768323,0,0,0.0590689679227742,0,6.20224163189129,0,0.177206903768323,0.236275871691097,0,0,0.531620711304968,0,0,0,0.0590689679227742,0,0,0,0.590689679227742,0,0.118137935845548,0.354413807536645,0.590689679227742,0,0,0,0.0590689679227742,2.12648284521987,0.118137935845548,41.3482775459419,0,0,0,0,0,0,0,0,0.118137935845548,0,0.0590689679227742,0.295344839613871,0,0,0.354413807536645,0,0.0590689679227742,0,0,0.531620711304968,0,0,0,0,0,0.0590689679227742,0.0590689679227742,0,0,0.0590689679227742,0
"sample_50",0,0,0,0,0,0,0,0,0,0,0,0,0,0,0.0475238855642895,0.0237619427821447,0,0,0,0,0,0,0,0,0,0.356429141732171,0,0,0.0237619427821447,0.0475238855642895,0,0,0.0237619427821447,0,0,0,0,0,0.0237619427821447,0.0237619427821447,0,0,0.0475238855642895,0,0,0,0.0237619427821447,0,0.118809713910724,0.0237619427821447,0.499000798425039,0.0237619427821447,0,0,0,0,0,0,0,0,0,0,0.0237619427821447,0,0,0,0,0,0,0,0.0237619427821447,0,0,0,0,0,0,0,0,0,0,0.356429141732171
"sample_51",0,0,0,0,0,0,0,5.24823495298237,0,1.31205873824559,0,0,0,0,0,0,0,0,0,0,0,0,0,0,0,28.8652922414031,0,0,0,2.62411747649119,0,0,0,0,0,0,0,0,0,0,0,1.31205873824559,0,2.62411747649119,0,0,0,0,62.9788194357885,0,41.985879623859,0,0,0,0,0,0,0,0,0,1.31205873824559,0,0,0,0,2.62411747649119,1.31205873824559,0,0,5.24823495298237,0,0,1.31205873824559,0,0,0,0,1.31205873824559,0,0,0,0
"sample_52",0,0,0,0.339129336298454,0,0,0,0,0.296738169261147,0.508694004447681,0.296738169261147,0,0,0,0,0,0,0,0,0.763041006671522,0.508694004447681,0.0423911670373068,0.381520503335761,3.64564036520838,0,10.2162712559909,0,0.974996841858056,1.69564668149227,0.678258672596908,0,6.18911038744679,0,0,0,0,0.805432173708829,0.0847823340746135,5.6380252159618,1.14456151000728,0.551085171484988,1.14456151000728,4.06955203558145,0,0.508694004447681,0,0.12717350111192,0,5.34128704670065,0.593476338522295,31.920548779092,0,0.0423911670373068,0.12717350111192,0,0,0,0,0,0.551085171484988,0.381520503335761,0,0.296738169261147,0,0,2.45868768816379,0,0.0423911670373068,0,0.0847823340746135,0,0.211955835186534,0,0,0,0,0,0,0,0,0.296738169261147,0
"sample_53",0,0,0,0,0,0,0,0,0,0.0419150447430528,0,0,0,0,0,0,0,0,0,0,0,0,0,0,0,0.502980536916634,0,0,0,0,0,0.167660178972211,0,0,0,0,0,0.0838300894861056,0,0.0419150447430528,0,0,0,0,0,0,0,0,0.0838300894861056,0.0838300894861056,0.209575223715264,0,0,0,0,0,0,0.0419150447430528,0,0,0,0,0,0,0,0,0,0,0,0,0,0,0.0838300894861056,0,0,0,0,0,0,0,0,0
"sample_54",0,0,0,0,0,0,0,0,0,0,0,0,0,0,0,0,0,0,0,0,0,0,0.0957077010244552,0,0,0.334976953585593,0,0,0,0,0,0,0,0,0,0,0,0,0,0.0478538505122276,0,0,0,0,0,0,0,0,0.143561551536683,0,1.05278471126901,0,0,0,0,0,0,0,0,0,0,0,0,0,0,0,0,0,0,0,0,0.143561551536683,0,0,0,0,0,0,0,0.143561551536683,0,0.0478538505122276
"sample_55",0,0,0,1.46037934985801,0,3.17847270263215,0,0.773142008748359,0.859046676387066,12.5420814752512,2.5771400291612,0,0,0.687237341109653,0,1.54628401749672,0,0,0,0,0,0,0,0,0,108.583499895325,0,0,0,0,0.0859046676387066,1.71809335277413,0,0,0,0,0,2.49123536152249,0,0,0,0.51542800583224,2.14761669096767,0,0,0,0.773142008748359,0,3.43618670554826,1.80399802041284,28.0908263178571,0,0,0,0,0,0,0,0,14.346079495664,3.8657100437418,1.20266534694189,0,0,0,1.11676067930319,0,1.71809335277413,0,0,2.5771400291612,0,2.83485403207732,0,0.859046676387066,0,0,0,0.51542800583224,0,0,0
"sample_56",0,0,0,0,0,0,0,0,0,0,0,0,0,0,0,0,0.167776620864768,0,0,0,0,0,0,0,0,0.503329862594303,0,0,0,0,0,0,0,0,0,0,0,0,0,0,0,0,0,0,0,0,0,0,0.279627701441279,0,2.12517053095372,0,0,0,0,0,0,0,0,0,0,0.0559255402882559,0,0,0,0,0,0,0,0,0.0559255402882559,0,0,0,0,0,0,0,0,0,0,0
"sample_57",0,0,0,0,0,0,0,0,0,0,0,0,0,0,0,0,0,0,0,0,0,0,0,0,0,0.08433247213575,0,0,0.01686649442715,0,0.01686649442715,0,0,0,0,0,0,0,0.32046339411585,0.0337329888543,0,0,0,0,0,0,0,0,0.11806546099005,0,0.05059948328145,0,0,0,0,0,0,0,0,0,0,0,0,0,0,0,0,0,0,0,0.01686649442715,0,0,0,0,0,0,0,0,0,0,0
"sample_58",0,0,0,0,0.109003141743053,0,0,0,0,0,0.163504712614579,0,0,0,0,0,0,0,0,0,0,0,0,0,0,3.65160524839227,0,0,0,0,0,0,0,0,0,0,0,0,0,0,0,0,0,0,0,0,0,0.0545015708715264,0.708520421329844,0.109003141743053,0.109003141743053,0,0,0,0,0,0,0,0,0,0,0,0,0,0,0.109003141743053,0,0,0,0,0,0,0,0,0,0,0,0,0,0,0,0
"sample_59",0,0,0,0,0,0,0,0,0,0,0,0,0,0,0,0,0,0,0,0,0,0,0.0236249929272677,0,0,1.29937461099973,0,0,0,0,0,0.0236249929272677,0,0,0,0,0,0,0,0.0236249929272677,0,0,0,0.094499971709071,0,0,0,0,0.448874865618087,0,0.21262493634541,0,0,0,0,0,0,0,0,0.0236249929272677,0,0,0,0,0,0.094499971709071,0,0,0,0,0,0,0,0,0,0,0,0,0,0,0,0
"sample_60",0,0,0,0,0.0539216283641569,0,0,0,0,0.0269608141820785,0,0,0.0808824425462354,0,0,0,0,0,0.0269608141820785,0,0,0,0.0269608141820785,0,0.0269608141820785,1.67157047928886,0,0,0,0,0,0.0269608141820785,0.0539216283641569,0,0.0539216283641569,0,0,0.35049058436702,0,0.0269608141820785,0.0539216283641569,0.0808824425462354,0,0.0269608141820785,0,0,0,0.0808824425462354,2.07598269202004,0,8.57353890990095,0,0,0,0.107843256728314,0,0,0,0,0.188725699274549,0,0,0,0,0,0,0.296568956002863,0.0269608141820785,0,0,0,0,0,0,0,0,0,0,0,0.0539216283641569,0,0
"sample_61",0,0,0,0,0,0,0,0,0,0,0,0,0,0,0,0.0239186412202621,0,0,0,0,0,0,0.119593206101311,0,0,1.10025749613206,0,0,0,0,0,0.0239186412202621,0,0,0,0,0,0,0,0.0478372824405242,0,0,0.0239186412202621,0.0717559236607863,0,0,0.0478372824405242,0,0.310942335863407,0,1.31552526711442,0,0,0.0239186412202621,0,0,0,0,0,0.0956745648810484,0,0,0,0,0,0.0478372824405242,0,0,0.0239186412202621,0,0,0,0,0,0,0,0,0,0,0,0,0
"sample_62",0,0,0,0,0,0.0926466793808793,0,0,0,0,0,0,0,0,0,0,0,0,0,0,0,0,0,0,0,0.509556736594836,0,0,0,0,0.0926466793808793,0,0,0,0,0,0,0,0,0,0,0,0.0463233396904397,0,0,0,0,0.972790133499233,2.50146034328374,0,0.138970019071319,0,0,0,0,0,0,0,0,0,0,0.0463233396904397,0,0,0,0,0,0,0,0,0,0,0.0463233396904397,0,0.0463233396904397,0,0,0,0,0,0,0
"sample_63",0,0,0,0,0,0,0,0,0,0,0,0,0,0,0,0,0,0,0,0,0,0,0,0,0,1.65455010734091,0,0,0,0,0,0,0,0,0,0,0,0.630304802796536,0,0,0,0,0,0,0,0,0,0,0,0,0,0,0,0,0.393940501747835,0,0,0,0,0.236364301048701,0,0,0,0,0,0,0,0,0.078788100349567,0,0,0,0,0,0,0,0,0,0,0,0,0
"sample_64",0,0,0,0,0,0,0,0,0,0,0,0,0,0,0,0,0,0,0,0,0,0,0,0,0,1.010480661487,0,0,0,0,0,0.0878678836075653,0,0,0,0,0,0,0,0,0,0,0,0,0,0,0,0,0.0439339418037827,0,0.307537592626479,0,0,0,0,0,0,0,0,0.0439339418037827,0.0439339418037827,0,0,0,0,0,0,0,0,0,0,0,0,0,0,0,0,0,0,0,0,0
"sample_65",0,0,0,0,0,0,0,0,0,0,0,0,0,0,0,0,0,0,0,0,0,0,0,0,0,0.342535369579471,0,0,0,0,0,0,0,0,0,0,0,0,0,0,0,0.0311395790526792,0,0,0,0,0,0,0.934187371580376,0,0.124558316210717,0,0,0,0,0,0,0,0,0,0,0,0,0,0,0,0,0,0,0,0,0,0,0,0,0,0,0,0,0,0,0
"sample_66",0,0,0,0,0,0,0,0,0,0,0.0504220832589608,0,0.100844166517922,0,0,0,0,0,0,0,0,0,0,0,0,0.504220832589608,0,0,0,0,0,0,0,0,0,0,0,0,0,0,0,0,0,0.100844166517922,0,0,0,0,0,0.100844166517922,0.403376666071686,0,0,0,0,0,0,0,0,0.100844166517922,0.201688333035843,0.252110416294804,0,0,0,0,0,0,0,0,0,0,0.201688333035843,0,0,0,0,0,0,0,0,0
"sample_67",0,0,0,0.0595929834982857,0,0,0,0,0,0.0595929834982857,0.0595929834982857,0,0,0,0,0,0,0,0,0,0,0,0,0,0,0.357557900989714,0,0,0,0,0,0,0,0,0,0,0,0.0595929834982857,0,0,0,0,0,0.119185966996571,0,0,0,0,0.0595929834982857,0,0.0595929834982857,0,0,0,0,0,0,0,0,0.0595929834982857,0,0,0,0,0,0,0,0,0,0,0,0,0,0,0,0,0,0,0,0.0595929834982857,0,0
"sample_68",0,0,0,0,0,0,0,0,0,0.0699611855342656,0.0233203951780885,0,0,0,0.0699611855342656,0,0,0,0,0,0,0,0,0,0.0233203951780885,0.466407903561771,0,0.0233203951780885,0,0,0,0,0,0,0,0,0,0,0,0,0,0,0,0,0,0.0233203951780885,0,0,0.139922371068531,0,0.326485532493239,0,0,0,0,0,0,0,0,0.139922371068531,0.0233203951780885,0,0,0,0.0699611855342656,0.0233203951780885,0,0,0,0,0,0,0.0233203951780885,0,0,0,0.0233203951780885,0,0,0,0,0
"sample_69",0,0,0,0,0,0,0,0,0,0,0,0,0,0.0327990692936097,0,0,0,0,0,0,0.0327990692936097,0,0.0327990692936097,0,0,0.327990692936097,0,0,0,0,0,22.4673624661227,0,0,0,0,0,0,0,12.1684547079292,0,0,0,0,0,0,0,0.0983972078808292,2.62392554348878,0.0655981385872195,0.327990692936097,0,0,0,0,0,0,0,0,0,0,0,0,0,0,0.163995346468049,0.0327990692936097,0,0,0,0,0,0,0,0,0,0,0,0,0,0,0
"sample_70",0,0,0,0,0,0.0260885581323514,0,0,0,0.104354232529406,0,0,0,0,0,0,0.0260885581323514,0,0,0,0,0.0260885581323514,0,0,0,13.4877845544257,0,0,0.0782656743970543,0,0,0.208708465058811,0,0,0,0,0.0521771162647029,0.130442790661757,0,0.104354232529406,0,0,0,2.16535032498517,0,0,0,0.0260885581323514,6.75693655627902,0,2.16535032498517,0,0.0260885581323514,0.0521771162647029,0,0,0,0,0,0.0782656743970543,0,0,0,0,0,0,0.0260885581323514,0,0,0.0782656743970543,0.0260885581323514,0,0,0,0,0,0,0,0,0,0,0
"sample_71",0,0,0,0.0498357438799589,0,0,0,0,0,0,0.0498357438799589,0,0,0,0,0,0,0,0,0,0,0,0,0,0,0.348850207159712,0,0,0,0,0.149507231639877,0,0,0,0,0,0,0.0996714877599177,0,0,0,0,0,0,0,0,0,0,0,0,0.0498357438799589,0,0,0,0,0,0,0,0,0.0498357438799589,0,0.0996714877599177,0,0,0.0498357438799589,0,0,0,0,0,0,0,0,0,0,0,0,0,0,0,0,0
"sample_72",0,0,0,0,0,0,0,0,0,0.102427186305731,0.102427186305731,0,0,0,0,0,0,0,0,0,0,0,0,0,0,1.43398060828023,0,0,0,0,0,0,0.102427186305731,0,0,0,0,0,0,0,0,0,0,0.716990304140117,0,0,0,0,0.307281558917193,0,0.307281558917193,0,0,0,0,0,0,0,0,0,0,0,0,0,0,0,0.102427186305731,0,0.102427186305731,0,0,0,0,0,0,0,0,0,0,0,0,0
"sample_73",0,0,0,0,0,0,0,0,0,0,0,0,0,0,0,0,0,0,0,0.0435902100049906,0,0,0,0,0,0.392311890044916,0,0,0,0,0,0,0,0,0,0,0,0,0,0.435902100049906,0,0,0,0.0435902100049906,0,0,0,0,0,0,0.305131470034935,0,0,0,0,0,0,0,0,0,0,0,0,0,0,0,0,0,0,0,0.0435902100049906,0,0,0,0,0,0,0,0,0,0,0
"sample_74",0,0.0605174923390906,0,0,0,0,0,0,0,0.121034984678181,0.0605174923390906,0,0,0,0,0,0,0,0,0,0,0,0,0,0,1.14983235444272,0,0,0,0,0,0,0,0,0,0,0,0.0605174923390906,0,0,0,0,0,0.181552477017272,0,0,0,0,0,0,0.90776238508636,0,0,0,0,0,0,0.0605174923390906,0,0,0,0,0,0,0,0,0,0,0.0605174923390906,0,0,0,0,0,0,0,0,0,0,0,0,0
"sample_75",0,0,0,0,0,0,0,0,0,0,0,0,0,0,0,0,0,0,0,0,0,0,0,0,0,0.412187513285687,0,0,2.47312507971412,0,0,0.0588839304693838,0,0,0,0,0,0,0,0.0588839304693838,0,0,0,0.0588839304693838,0,0,0,0.0588839304693838,4.65183050708132,0,0.824375026571374,0,0,0,0,0,0,0,0,0,0.0588839304693838,0,0,0,0,0,0,0,0,0,0,0,0,0,0,0,0,0,0,0,0,0
"sample_76",0,0,0,0,0,0,0,0,0,0.697692753321192,2.79077101328477,0,0,0.736453461839036,0,0,0,0,1.27910338108885,0,0,0,1.08529983849963,0,0,11.0080412190677,0,0,0,0,0,0,0,0,0,0,0,1.43414621516023,0,0,0,0,0,3.33342093253458,0,0,0.852735587392568,0,2.82953172180261,0,2.13183896848142,0,0,0,0,0,0,0,0,0.852735587392568,0.077521417035688,0.155042834071376,0,0,0,0,0,0,0,0,0,0,0,0,0,0,0,0,0,0,0,0
"sample_77",0,0,0,0,0,0,0,0,0,0.0572100642572,0,0.0286050321286,0,0,0.0286050321286,0,0,0.0286050321286,0,0,0,0,0.0572100642572,0,0,2.0309572811306,0,0,0,0,0,0.286050321286,0.0286050321286,0,0,0,0.0286050321286,0.0286050321286,0,0.1716301927716,0.0286050321286,0,0.0286050321286,0.1716301927716,0,0.0286050321286,0,0,0.4862855461862,0,1.6590918634588,0,0.0572100642572,0,0,0,0,0,0,0.0858150963858,0,0,0,0.0286050321286,0,0,0.0286050321286,0,0.1144201285144,0,0.0572100642572,0,0.0572100642572,0,0,0,0.0286050321286,0,0,0.0286050321286,0,0
"sample_78",0,0,0,0,0,0,0,0,0,0,0,0,0,0,0,2.03459420527224,0,1.01729710263612,0,1.01729710263612,0,0,0,0,0,13.2248623342696,0,3.05189130790837,1.01729710263612,0,0,11.1902681289973,0,0,0,0,0,0,0,1.01729710263612,2.03459420527224,0,0,0,0,0,2.03459420527224,60.0205290555312,990.847377967583,0,871.823616959157,0,0,0,0,0,0,0,0,1.01729710263612,0,0,0,0,0,0,0,0,0,0,0,1.01729710263612,0,0,0,0,0,0,0,0,0,0
"sample_79",0,0,0.196334366693461,0,0,0,0,0,0,0.746070593435152,0.785337466773844,0,0,0,0,0,0,0,0,0,0,0,0.824604340112536,0,0,30.3140262174704,0,0,0,0,0,2.27747865364415,0,0,0,0,0,0,0,0,0,0,0,0,0,0,0,0.117800620016077,16.5706205489281,0,7.38217218767414,0,0,0,0,0,0,0,0,1.4921411868703,0,0.549736226741691,0,0,0,0.981671833467305,0,0.35340186004823,0,0,0,0,0,0,0,0,0,0.903138086789921,0,0,0,0
"sample_80",0,0,0,0,0,0,0,0,0,0.294855444759363,0.0589710889518726,0,0,0.0589710889518726,0,0,0.0589710889518726,0,0,0,0,0,0,0,0,1.79861821303212,0,0,0,0,0,0.117942177903745,0,0,0,0,0,0.176913266855618,0,0,0,0,0,0.206398811331554,0,0,0.147427722379682,0,2.29987246912303,0,1.97553147988773,0,0,0,0,0,0,0,0,0.147427722379682,0,0.0589710889518726,0,0,0,0,0,0,0,0,0,0,0,0,0,0,0,0,0,0,0,0
"sample_81",0,0,0,0.4795433979582,0,0,0,0,0,1.85823066708803,0,0,0,0,0,0,0,0,0,0,0,0,0,0,0,2.09800236606713,0,0.539486322702975,0,0,0,0,0,0,0,0,0,0,0,0,0,0,0,0,0,0,0,0,1.13891557015073,0.419600473213425,73.1903111133703,0,0,0,0,0,0,0,0,0,0,1.79828774234325,0,0,0,0,0,0,0,0,0,0,0,0,0,0,0,0,0,0,0,0
"sample_82",0,0,0,0,0.0229858790159865,0,0,0,0,0,0.0229858790159865,0,0,0,0,0,0,0,0,0,0,0,0.0229858790159865,0,0,0.758534007527554,0.0229858790159865,0,0,0,0,0.0229858790159865,0,0,0,0,0,0.0229858790159865,0.0689576370479594,0.0229858790159865,0,0,0.0229858790159865,0.0689576370479594,0,0,0.0459717580319729,0,1.28720922489524,0.0229858790159865,2.0457432324228,0,0,0,0,0,0,0,0,0.0229858790159865,0,0.0229858790159865,0,0,0,0.0229858790159865,0.0459717580319729,0,0,0,0.0229858790159865,0.0229858790159865,0.0229858790159865,0,0,0,0,0,0,0,0,0
"sample_83",0,0,0,0,0.0970539280151016,0,0,0,0,0.194107856030203,0.0970539280151016,0,0,0,0,0,0,0,0,0,0,0,0,0,0.291161784045305,3.00867176846815,0,0,0,0,0,0,0.194107856030203,0,0,0,0,0,0,0,0,0,0,0,0,0,0,0.0970539280151016,1.84402463228693,0,1.06759320816612,0,0,0,0,0,0,0.0970539280151016,0,0,0,0.194107856030203,0,0,0,0,0,0,0,0,0,0,0,0,0,0,0,0,0,0.194107856030203,0,0
"sample_84",0,0.130223536252943,0,0.156268243503532,0,0.182312950754121,0.130223536252943,0.0260447072505887,0,1.43245889878238,0.0260447072505887,0,0,0,0.156268243503532,0,0,0,0,0.260447072505887,0.104178829002355,0,0.130223536252943,3.46394606432829,0.468804730510596,49.9797932138796,0,0,0.182312950754121,0.208357658004709,0,1.51059302053414,0.338581194257653,0,0,0.312536487007064,0.312536487007064,0.416715316009419,0.703207095765894,3.35976723532594,0,0.39067060875883,0.156268243503532,2.08357658004709,0.364625901508241,0.234402365255298,0,0,4.29737669634713,0.130223536252943,30.2118604106828,0.156268243503532,0.0260447072505887,0,0.104178829002355,0,0.130223536252943,0,0.234402365255298,2.00544245829533,0.0260447072505887,0.57298355951295,0.0520894145011773,0,0,0,0.338581194257653,0,0,0,0.312536487007064,0.260447072505887,1.11992241177531,0.260447072505887,0.546938852262362,0,0.416715316009419,0.807385924768248,0,0,0,0.885520046520014
"sample_85",0,0,0,0,0,0,0,0,0,0,0,0,0,0,0,0,0,0,0,0,0,0,0,0,0,1.65423789487641,0,0.0206779736859551,0.330847578975281,0,0,0.0206779736859551,0.165423789487641,0,0,0,0.330847578975281,0,0,0,0,0,1.30271234221517,0.0413559473719102,0,0,0,0,1.17864450009944,0,0.475593394776967,0,0.0206779736859551,0.227457710545506,0,0,3.22576389500899,0.103389868429775,0,0.0206779736859551,0,0,0,0.165423789487641,0.496271368462922,0.847796921124159,0.0206779736859551,0,0,0,0,0,0,0,0.268813657917416,0.0206779736859551,0.0206779736859551,0,0,0,0,0
"sample_86",0,0,0,0,0,0,0.817782803896852,0,0.292065287106018,4.7898707085387,2.04445700974213,0,0,0,0.46730445936963,0,0,0,0,0,0,0,0,0,0,28.5055720215474,0,0,0,0,0,0.350478344527222,0,0,1.5187394929513,0,1.28508726326648,0.350478344527222,0,0,0,0,0,0,0,0,0,0.0584130574212037,7.24321912022926,0.292065287106018,20.2109178677365,0,0.584130574212037,0,0,0,0,0,0,3.50478344527222,0.292065287106018,0.700956689054445,0,0,0,0.817782803896852,0.116826114842407,0.584130574212037,1.92763089489972,0,0.525717516790833,2.97906592848139,1.40191337810889,0,0,0.525717516790833,0,0,0,0.642543631633241,0.292065287106018,0
"sample_87",0,0,0,0,0,0,0,0,0.246107216679263,0.457056259547202,0,0,0,0.0703163476226465,0,0.0703163476226465,0,0,0,0,0.0703163476226465,0,0.10547452143397,0.0703163476226465,0.0351581738113232,6.29331311222686,0,0,0.0703163476226465,0,0,0.10547452143397,0,0,0.210949042867939,0,0.10547452143397,0,0,0.140632695245293,0,0,0.140632695245293,0,0,0,0,0,1.72275051675484,0.0351581738113232,5.06277702883055,0.10547452143397,0.140632695245293,0.0351581738113232,0,0,0,0,0,0.668005302415142,0.10547452143397,0.0703163476226465,0,0,0.0703163476226465,0,0,0,0,0,0.175790869056616,0.210949042867939,0.457056259547202,0,0.0351581738113232,0,0.0703163476226465,0.0351581738113232,0,0,0,0
"sample_88",0,0.039214279942784,0.058821419914176,0,0,0,0,0,0,0.019607139971392,0,0.019607139971392,0,0.039214279942784,0.078428559885568,0,0,0,0,0,0,0,0,0.078428559885568,0.019607139971392,2.07835683696755,0,0,0.019607139971392,0.019607139971392,0,0.019607139971392,0,0.058821419914176,0,0,0.019607139971392,0.078428559885568,0,0.156857119771136,0,0.039214279942784,0,0.078428559885568,0,0,0.058821419914176,0,1.45092835788301,0,1.27446409814048,0,0,0.019607139971392,0.019607139971392,0,0,0,0,0,0,0,0,0,0.156857119771136,0,0,0,0.019607139971392,0,0,0,0,0,0,0,0,0,0,0,0,0
"sample_89",0,0,0,0,0,0,0,0,0,0,0,0,0.465356217916333,0,0,0,0,0,0,0,0,0,0,0,0,9.85709079768232,0,0,0,0,0,0,0,0,0,0,0,1.98834020382433,0,0,0,0,0,0,0,0,0,0,1.522983985908,0,3.63823952189133,0,0,0,0,0,0,0,0,4.14590085052733,0.126915332159,0,0,0,0,0,0,0,0,0,0,0,0,0,0,0,0,0,0,0,0,0
"sample_90",0,0,0,0,0,0,0,0,0,0,0.100154016847107,0,0.100154016847107,0,0,0,0,0,0,0,0,0,0,0,0,0.500770084235537,0,0.200308033694215,0.200308033694215,0,0,0,0,0,0,0,0,0,0,0,0,0,0,0,0,0,0,0,0.901386151623967,0,1.50231025270661,0,0,0,0,0,0,0,0,0,0,0,0,0,0,0,0,0,0,0,0,0,0,0,0,0,0,0,0,0,0,0
"sample_91",0,0,0,0,0,0,0,0,0,0,0,0,0,0,0,0,0,0,0,0,0,0,0,0,0,4.9297321457426,0,0,0,0,0,0,0,0,0,0,0,0,0,0,0,0,0,0,0,0,0,0,0.547748016193622,0,2.26924178137358,0,0,0,0,0,0,0,0,0.860746882589978,0,1.01724631578816,0,0,0,0,0,0,0,0,0,0,0,0,0,0,0,0,0,0,0,0
"sample_92",0,0,0,0,0,0.138298488798583,0,0,0.0691492443992915,0.345746221996458,0.207447733197875,0,0.0691492443992915,0,0.0691492443992915,0,0,0,0,0.138298488798583,0,0,0.172873110998229,0,0.0691492443992915,5.60108879634261,0,0,0,0.0691492443992915,0,0.0691492443992915,0,0.138298488798583,0.207447733197875,0,0.103723866598937,0.0691492443992915,0,0.172873110998229,0,0.207447733197875,0.24202235539752,0.172873110998229,0,0,0.103723866598937,0.0691492443992915,0.726067066192561,0,2.07447733197875,0,0.0691492443992915,0.103723866598937,0,0,0.0345746221996458,0.138298488798583,0,0.829790932791498,0.0345746221996458,0.103723866598937,0,0,0,1.2101117769876,0,0,0.172873110998229,0,0.0691492443992915,0.0345746221996458,0,0,0,0.0691492443992915,0.0345746221996458,0,0.0345746221996458,0,0,0
"sample_93",0,0,0,0,0,0,0,0.208415614080976,0,0.13894374272065,0.13894374272065,0,0.277887485441301,0,0,0,0,0,0,0,0,0,0,0,0,0.416831228161951,0,0,0,0,0,0.0694718713603252,0,0,0,0,0,0.0694718713603252,0,0,0,0,0,0.0694718713603252,0,0,0,0,0.486303099522277,0,0.555774970882602,0,0,0,0,0,0,0.0694718713603252,0,0.208415614080976,0.0694718713603252,0,0,0,0,0,0,0,0,0,0,0,0,0,0,0,0,0,0,0,0,0
"sample_94",0,0,0,0.311768725198089,0,0,0,0.0850278341449335,0,0,0,0,0,0,0,0,0,0.0850278341449335,0.481824393487956,0.0283426113816445,0,0,0.170055668289867,0,0,1.92729757395182,0,0,0,0,0,0,0,0,0,0.0283426113816445,0.0283426113816445,0,0,0,0,0,0,0.340111336579734,0,0,0,0.0283426113816445,5.44178138527574,0,1.30376012355565,0,0,0,0,0,0,0,0,0.340111336579734,0,0,0,0,0,0,0,0.0850278341449335,0.0283426113816445,0,0,0,0,0,0,0,0,0,0,0,0,0
"sample_95",0,0,0,0,0,0,0,0,0,0,0,0,0,0,0,0,0,0,0,0,0,0,0,0,0,1.64544429181235,0,0,0,0,0,0,0,0,0,0,0,0,0,0,0,0,0,0,0,0,0,0,0.976982548263581,0.0514201341191358,0.308520804714815,0,0,0,0,0,0,0,0,0.205680536476543,0.154260402357407,0,0,0,0,0,0,0,0,0,0,0,0,0,0,0,0,0,0,0,0,0
"sample_96",0,0,0.0808101116723014,0,0.161620223344603,0,0,0,0,1.13134156341222,0,0,0,0,0,0,0,0,0,0,0,0,0,0,0,1.29296178675682,0,0.161620223344603,0,0,0,0,0,0,0,0,0,0.161620223344603,0,0.323240446689206,0,0,0,0,0,0,0,0,0.404050558361507,0,0.888911228395316,0,0,0,0,0,0,0,0,0,0,0.161620223344603,0,0,0,0,0,0,0,0,0,0,0,0,0,0,0,0,0,0,0,0
"sample_97",0,0,0,0.0208787071136219,0,0,0,0,0,0,0.0417574142272438,0,0,0,0,0,0.125272242681731,0,0,0,0,0.0417574142272438,0.0417574142272438,0,0,7.66248551069923,0,0.0208787071136219,0,0,0,0.167029656908975,0.0208787071136219,0,0,0,0.0208787071136219,0.0835148284544875,0,0.104393535568109,0.0208787071136219,0,0,1.69117527620337,0,0,0.0208787071136219,0.0208787071136219,1.8164475188851,0.0208787071136219,12.422830732605,0,0,0,0.0626361213408657,0,0,0,0,0.0626361213408657,0,0,0,0,0,0,0,0.0626361213408657,0,0,0,0,0,0,0.0208787071136219,0,0.0626361213408657,0,0.0208787071136219,0.0208787071136219,0.0208787071136219,0.0835148284544875
"sample_98",0,0,0,0,0,0,0,0,0,0.0238541458290764,0,0,0,0,0,0,0,0,0,0,0,0,0,0,0,0.190833166632611,0,0,0,0,0,0,0,0,0,0,0,0.0238541458290764,0,0,0,0,0,0.0238541458290764,0,0,0,0,0.0238541458290764,0,0.0715624374872291,0,0,0,0,0,0,0,0,0.0238541458290764,0,0,0,0.119270729145382,0,0,0,0,0,0,0,0,0,0,0,0,0,0,0,0.0715624374872291,0,0
"sample_99",0,0,0,0,0,0,0,0,0,0.185249061806126,0,0,0,0,0,0,0,0,0,0,0,0,0,0,0,0.555747185418379,0,0,0,0,0,0,0,0,0,0,0,0,0,0,0,0,0,0,0,0,0,0,0.740996247224506,0,0.370498123612253,0,0,0,0,0,0,0,0,0,0,0,0,0,0,0,0,0,0,0,0,0,0,0,0,0,0,0,0,0,0,0
"sample_100",19.7393548545684,2.42086427461688,60.0560560433804,5.95905052213387,0,0,0,0.139665246612513,0,1.25698721951261,0.418995739837538,14.5717407299055,0,0,0,0.232775411020854,0,0.465550822041709,0,0.0931101644083417,0,0,0.698326233062563,0,0,15.8287279494181,0,0,0,0,1.21043213730844,3.16574558988362,0.186220328816683,0,0,0,0.0931101644083417,0,0,3.58474132972116,0,0,1.39665246612513,1.07076689069593,0,1.908758370371,0,0.837991479675075,7.77469872809653,0.651771150858392,47.7655143414793,0,0,0.279330493225025,0,0,0,0,0.232775411020854,0.325885575429196,0.0931101644083417,0,0,1.1173219729001,42.8772307100414,2.09497869918769,0.791436397470904,0.139665246612513,0.0931101644083417,0,0.232775411020854,0.139665246612513,0,7.96091905691322,0,0,0,0,0.465550822041709,0,3.95718198735452,0.232775411020854
